,Country,Predicted Ladder Score 2025,Previous Year Rank,Rank
0,Finland,7.795815681786795,1,1
1,Norway,7.779664256342509,7,2
2,Denmark,7.7620571260674245,2,3
3,Sweden,7.759749345912058,4,4
4,Singapore,7.74454290462648,34,5
5,Switzerland,7.6428228326400145,13,6
6,Luxembourg,7.639112780091002,9,7
7,Ireland,7.621478131237477,15,8
8,Iceland,7.61413341194886,3,9
9,New Zealand,7.46716261569375,12,10
